"Designator","Qty","Value","Package","Mouser Part Number","Supplier Link","Manufacturer","Manufacturer Part Number"
"ANT1","1","ANT-868-HESM","MyParts:ANT-868-HESM","712-ANT-868-HESM","https://pt.mouser.com/ProductDetail/TE-Connectivity-Linx-Technologies/ANT-868-HESM?qs=hWgE7mdIu5TTyqPbNERfhg%3D%3D","TE Connectivity","ANT-868-HETH"
"C1,C2,C4","3","100nF","Capacitor_SMD:C_0603_1608Metric","81-GCJ188R72A104KA1D","https://pt.mouser.com/ProductDetail/Murata-Electronics/GCJ188R72A104KA01D?qs=vAU15TnRQM%2FvAWQMlXkQEQ%3D%3D","Murata Electronics","GCJ188R72A104KA1D"
"C3,C6","2","1uF","Capacitor_SMD:C_0603_1608Metric","963-MBASE168SB7105KT","https://pt.mouser.com/ProductDetail/TAIYO-YUDEN/MBASE168SB7105KTNA18?qs=tlsG%2FOw5FFjIAHVuuey7kA%3D%3D","TAYO YUDEN","MBASE168SB7105KTNA18"
"C5,C8","2","47uF, 6.3V","Capacitor_SMD:C_1206_3216Metric","963-JMK325B7476MM-PR","https://pt.mouser.com/ProductDetail/TAIYO-YUDEN/JMK325B7476MM-PR?qs=Zy5V7Kj3rCX4DwGK2%252BK4QQ%3D%3D","TAYO YUDEN","JMK325B7476MM-PR"
"C7","1","100pF","Capacitor_SMD:C_0603_1608Metric","77-VJ0603Y101MXQCBC","https://pt.mouser.com/ProductDetail/Vishay-Vitramon/VJ0603Y101MXQCW1BC?qs=Bfn3yGQ%252Bnqr2VEQNr%252BrwkA%3D%3D","Vishay","VJ0603Y101MXQCW1BC"
"CC1","1","68pF","Capacitor_SMD:C_0402_1005Metric","81-GRM1555C1H680FA1J","https://eu.mouser.com/ProductDetail/Murata-Electronics/GRM1555C1H680FA01J?qs=e%252BE4OD6MgMf0uVE7NpHJPw%3D%3D","Murata Electronics","GRM1555C1H680FA01J"
"CM1,CM3","2","2.4pF","Capacitor_SMD:C_0402_1005Metric","81-GRM1555C1H2R4WA1D","https://eu.mouser.com/ProductDetail/Murata-Electronics/GRM1555C1H2R4WA01D?qs=ouTquLLW2S5u9sxTRF7zdQ%3D%3D","Murata Electronics","GRM1555C1H2R4WA01D"
"CM2","1","1.2pF","Capacitor_SMD:C_0402_1005Metric","581-04025A1R2DAT2A","https://pt.mouser.com/ProductDetail/KYOCERA-AVX/04025A1R2DAT2A?qs=vQavLFFWqfz%252Ba9yV8qz9Hg%3D%3D","Kyocera","04025A1R2DAT2A"
"CM5,CM6","2","5.1pF","Capacitor_SMD:C_0402_1005Metric","81-GCQ1555C1H5R1WB1D","https://pt.mouser.com/ProductDetail/Murata-Electronics/GCQ1555C1H5R1WB01D?qs=0lQeLiL1qyb1w9RbymBs8A%3D%3D","Murata Electronics","GCQ1555C1H5R1WB01D"
"FB1","1","BLM18KG601SN1D","MyParts:BLM18SP221SN1B","81-BLM18KG601SN1D","https://pt.mouser.com/ProductDetail/Murata-Electronics/BLM18KG601SN1D?qs=rvfpa0%252BU10NPWIt745bDHg%3D%3D","Murata Electronics","BLM18KG601SN1D"
"H1","1","BAT-HLD-006-SMT","MyParts:BATHLD006SMT","712-BAT-HLD-006-SMT","https://www.mouser.co.uk/ProductDetail/TE-Connectivity-Linx-Technologies/BAT-HLD-006-SMT?qs=TuK3vfAjtkUyTQHMSqIP6A%3D%3D","TE Connectivity","BAT-HLD-006-SMT"
"H2,H3,H4,H5","4","MountingHole","MountingHole:MountingHole_2.5mm","","","",""
"IC1","1","STM8L001J3M3","MyParts:SOIC127P600X175-8N","511-STM8L001J3M3","https://www.mouser.co.uk/ProductDetail/STMicroelectronics/STM8L001J3M3?qs=W0yvOO0ixfEEZjTt2jCv0Q%3D%3D","STMicroelectronics","STM8L001J3M3"
"IC2","1","Si4012-C1001GTR","MyParts:SOP50P490X110-10N","634-SI4012-C1001GTR","https://pt.mouser.com/ProductDetail/Silicon-Labs/SI4012-C1001GTR?qs=p9T7GgSe1IG9YBSygWUqHw%3D%3D","Silicon Labs","Si4012-C1001GTR"
"IC3","1","TPS3839L30DBZR","MyParts:SOT95P237X112-3N","595-TPS3839L30DBZR","https://pt.mouser.com/ProductDetail/Texas-Instruments/TPS3839L30DBZR?qs=4whTb%2F0XQMhk4SkTOVaKEw%3D%3D","Texas Instruments","TPS3839L30DBZR"
"J1","1","M20-9770342","MyParts:HDRV3W66P0X254_1X3_762X254X855P","855-M20-9770342","https://www.mouser.co.uk/ProductDetail/Harwin/M20-9770342?qs=Jph8NoUxIfVskiTzAX%252BIFA%3D%3D","Harwin","M20-9770342"
"LM1","1","120nH","Inductor_SMD:L_0603_1608Metric","0603DC-R12XJRW","https://eu.mouser.com/ProductDetail/Coilcraft/0603DC-R12XJRW?qs=KUoIvG%2F9IlbgwNB48TnBTw%3D%3D","Coilcraf","994-0603DC-R12XJRW"
"LM2,LM4","2","3.6nH","Inductor_SMD:L_0402_1005Metric","994-0402HP-3N6XGRW","https://eu.mouser.com/ProductDetail/Coilcraft/0402HP-3N6XGRW?qs=QNEnbhJQKvZDgcR8AxBsbw%3D%3D","Coilcraft","0402HP-3N6XGRW"
"LM3","1","30nH","Inductor_SMD:L_0402_1005Metric","994-0402HP-30NXJRW","https://eu.mouser.com/ProductDetail/Coilcraft/0402HP-30NXJRW?qs=QNEnbhJQKvYt2krW1zXeEQ%3D%3D","Coilcraft","0402HP-30NXJRW"
"LM5","1","6.8nH","Inductor_SMD:L_0402_1005Metric","994-0402HP-6N8XGRW","https://eu.mouser.com/ProductDetail/Coilcraft/0402HP-6N8XGRW?qs=QNEnbhJQKvb1RBRny2c9yA%3D%3D","Coilcraft","0402HP-6N8XGRW"
"R1","1","1M","Resistor_SMD:R_0603_1608Metric","755-SFR03EZPJ105 ","https://pt.mouser.com/ProductDetail/ROHM-Semiconductor/SFR03EZPJ105?qs=sGAEpiMZZMvdGkrng054t7z4BkURc4Lzl1WyxFadKNwUJSL%2FdgazDw%3D%3D","Rohm","SFR03EZPJ105 "
"R2,R5","2","100K","Resistor_SMD:R_0603_1608Metric","71-RCA0603100KJNEA","https://pt.mouser.com/ProductDetail/Vishay-Draloric/RCA0603100KJNEA?qs=sGAEpiMZZMvdGkrng054t0wRT%252B902PGcFNqKPAMrbTk%3D","Vishay","RCA0603100KJNEA "
"R3,R4","2","10K","Resistor_SMD:R_0603_1608Metric","603-AC0603JR-7W10KL ","https://pt.mouser.com/ProductDetail/YAGEO/AC0603JR-7W10KL?qs=sGAEpiMZZMvdGkrng054t7z4BkURc4LzlWKoaan0o76lkH299GXmgg%3D%3D","Yageo","AC0603JR-7W10KL"
"S1","1","MASM-14R-8-10","MyParts:MASM14R810","934-MASM-14R-8-10","https://pt.mouser.com/ProductDetail/Littelfuse/MASM-14R-8-10?qs=5ptrxOxu%252BRY84YYgQdk4WQ%3D%3D","LITTELFUSE","MASM-14R-8-10"
